{"cameraMode":{"drawMode":0,"name":"Shaded","section":"Shading Mode"},"sceneLighting":true,"audioPlay":false,"sceneViewState":{"m_AlwaysRefresh":true,"showFog":true,"showSkybox":false,"showFlares":true,"showImageEffects":true,"showParticleSystems":true,"showVisualEffectGraphs":true,"m_FxEnabled":true},"in2DMode":false,"pivot":{"x":-39.97064971923828,"y":10.370466232299805,"z":12.65298080444336},"rotation":{"x":0.019415192306041719,"y":-0.9089134931564331,"z":-0.037966057658195499,"w":-0.4158048629760742},"size":12.12435531616211,"orthographic":false}